Workbook

Sheet Summary
A1: Module | B1: Our Endpoints | C1: GET | D1: POST | E1: PUT | F1: PATCH | G1: DELETE
A2: MCAPolicy | B2: =COUNTIF('API Mapping'!$B:$B,A2) -> 11 | C2: =COUNTIFS('API Mapping'!$B:$B,$A2,'API Mapping'!$C:$C,"GET") -> 0 | D2: =COUNTIFS('API Mapping'!$B:$B,$A2,'API Mapping'!$C:$C,"POST") -> 9 | E2: =COUNTIFS('API Mapping'!$B:$B,$A2,'API Mapping'!$C:$C,"PUT") -> 1 | F2: =COUNTIFS('API Mapping'!$B:$B,$A2,'API Mapping'!$C:$C,"PATCH") -> 1 | G2: =COUNTIFS('API Mapping'!$B:$B,$A2,'API Mapping'!$C:$C,"DELETE") -> 0
A3: Vehicle | B3: =COUNTIF('API Mapping'!$B:$B,A3) -> 13 | C3: =COUNTIFS('API Mapping'!$B:$B,$A3,'API Mapping'!$C:$C,"GET") -> 1 | D3: =COUNTIFS('API Mapping'!$B:$B,$A3,'API Mapping'!$C:$C,"POST") -> 8 | E3: =COUNTIFS('API Mapping'!$B:$B,$A3,'API Mapping'!$C:$C,"PUT") -> 0 | F3: =COUNTIFS('API Mapping'!$B:$B,$A3,'API Mapping'!$C:$C,"PATCH") -> 1 | G3: =COUNTIFS('API Mapping'!$B:$B,$A3,'API Mapping'!$C:$C,"DELETE") -> 3
A4: Driver | B4: =COUNTIF('API Mapping'!$B:$B,A4) -> 4 | C4: =COUNTIFS('API Mapping'!$B:$B,$A4,'API Mapping'!$C:$C,"GET") -> 0 | D4: =COUNTIFS('API Mapping'!$B:$B,$A4,'API Mapping'!$C:$C,"POST") -> 4 | E4: =COUNTIFS('API Mapping'!$B:$B,$A4,'API Mapping'!$C:$C,"PUT") -> 0 | F4: =COUNTIFS('API Mapping'!$B:$B,$A4,'API Mapping'!$C:$C,"PATCH") -> 0 | G4: =COUNTIFS('API Mapping'!$B:$B,$A4,'API Mapping'!$C:$C,"DELETE") -> 0
A5: Endorsement | B5: =COUNTIF('API Mapping'!$B:$B,A5) -> 6 | C5: =COUNTIFS('API Mapping'!$B:$B,$A5,'API Mapping'!$C:$C,"GET") -> 0 | D5: =COUNTIFS('API Mapping'!$B:$B,$A5,'API Mapping'!$C:$C,"POST") -> 3 | E5: =COUNTIFS('API Mapping'!$B:$B,$A5,'API Mapping'!$C:$C,"PUT") -> 0 | F5: =COUNTIFS('API Mapping'!$B:$B,$A5,'API Mapping'!$C:$C,"PATCH") -> 0 | G5: =COUNTIFS('API Mapping'!$B:$B,$A5,'API Mapping'!$C:$C,"DELETE") -> 3
A6: PolicyIssue | B6: =COUNTIF('API Mapping'!$B:$B,A6) -> 3 | C6: =COUNTIFS('API Mapping'!$B:$B,$A6,'API Mapping'!$C:$C,"GET") -> 0 | D6: =COUNTIFS('API Mapping'!$B:$B,$A6,'API Mapping'!$C:$C,"POST") -> 3 | E6: =COUNTIFS('API Mapping'!$B:$B,$A6,'API Mapping'!$C:$C,"PUT") -> 0 | F6: =COUNTIFS('API Mapping'!$B:$B,$A6,'API Mapping'!$C:$C,"PATCH") -> 0 | G6: =COUNTIFS('API Mapping'!$B:$B,$A6,'API Mapping'!$C:$C,"DELETE") -> 0
A7: PolicyCancellation | B7: =COUNTIF('API Mapping'!$B:$B,A7) -> 5 | C7: =COUNTIFS('API Mapping'!$B:$B,$A7,'API Mapping'!$C:$C,"GET") -> 0 | D7: =COUNTIFS('API Mapping'!$B:$B,$A7,'API Mapping'!$C:$C,"POST") -> 4 | E7: =COUNTIFS('API Mapping'!$B:$B,$A7,'API Mapping'!$C:$C,"PUT") -> 0 | F7: =COUNTIFS('API Mapping'!$B:$B,$A7,'API Mapping'!$C:$C,"PATCH") -> 0 | G7: =COUNTIFS('API Mapping'!$B:$B,$A7,'API Mapping'!$C:$C,"DELETE") -> 1
A8: Notepad | B8: =COUNTIF('API Mapping'!$B:$B,A8) -> 4 | C8: =COUNTIFS('API Mapping'!$B:$B,$A8,'API Mapping'!$C:$C,"GET") -> 0 | D8: =COUNTIFS('API Mapping'!$B:$B,$A8,'API Mapping'!$C:$C,"POST") -> 3 | E8: =COUNTIFS('API Mapping'!$B:$B,$A8,'API Mapping'!$C:$C,"PUT") -> 1 | F8: =COUNTIFS('API Mapping'!$B:$B,$A8,'API Mapping'!$C:$C,"PATCH") -> 0 | G8: =COUNTIFS('API Mapping'!$B:$B,$A8,'API Mapping'!$C:$C,"DELETE") -> 0
A9: TaskManager | B9: =COUNTIF('API Mapping'!$B:$B,A9) -> 9 | C9: =COUNTIFS('API Mapping'!$B:$B,$A9,'API Mapping'!$C:$C,"GET") -> 0 | D9: =COUNTIFS('API Mapping'!$B:$B,$A9,'API Mapping'!$C:$C,"POST") -> 8 | E9: =COUNTIFS('API Mapping'!$B:$B,$A9,'API Mapping'!$C:$C,"PUT") -> 1 | F9: =COUNTIFS('API Mapping'!$B:$B,$A9,'API Mapping'!$C:$C,"PATCH") -> 0 | G9: =COUNTIFS('API Mapping'!$B:$B,$A9,'API Mapping'!$C:$C,"DELETE") -> 0
A10: Total | B10: =SUM(B2:B9) -> 55 | C10: =SUM(C2:C9) -> 1 | D10: =SUM(D2:D9) -> 42 | E10: =SUM(E2:E9) -> 3 | F10: =SUM(F2:F9) -> 2 | G10: =SUM(G2:G9) -> 7
A12: DB2 endpoints not used | B12: =COUNTA('DB2 Not Used'!A:A)-1 -> 8
A14: Source | B14: DB2 Swagger http://10.1.29.21:10/swagger/v1/swagger.json (fetched 2026-09-24). Our routes from Api/Controllers; DB2 routes from Db2Api:Endpoints in Api/appsettings.json. "Matches DB2" = request body fields verified identical to the DB2 Swagger on 2026-09-24.

Sheet API Mapping
A1: # | B1: Module | C1: Our Method | D1: Our Endpoint | E1: Description | F1: Request Type (C#) | G1: DB2 Method | H1: DB2 Endpoint | I1: DB2 Request Schema | J1: DB2 Swagger Tag | K1: Config Key (appsettings.json) | L1: Request Contract
A2: 1 | B2: MCAPolicy | C2: POST | D2: /api/v1/MCAPolicy/GetQuoteNumber | E2: Proxies the DB2 (QOL Insurance) Policy APIs for quote numbers, quote search and transaction changes. </summary> [AllowAnonymous] [ApiController] [ApiVersion("1.0")] [Route("api/v{version:apiVersion}/[controller]")] public class MCAPolicyController : Db2ProxyControllerBase { <summary>Requests a new quote number from DB2. | F2: GetQuoteNumberQuery | G2: POST | H2: /api/v1/mca/quote-number | I2: GetQuoteNumberRequest | J2: Quote | K2: Db2Api:Endpoints:MCAPolicy:GetQuoteNumber | L2: Matches DB2
A3: 2 | B3: MCAPolicy | C3: POST | D3: /api/v1/MCAPolicy/GetQuotes | E3: Searches DB2 quotes by policy number, insured name or agent code. | F3: GetQuotesQuery | G3: POST | H3: /api/v1/mca/quotes | I3: GetQuotesRequest | J3: Quote | K3: Db2Api:Endpoints:MCAPolicy:GetQuotes | L3: Matches DB2
A4: 3 | B4: MCAPolicy | C4: POST | D4: /api/v1/MCAPolicy/InitializeQuote | E4: Initializes a new quote in DB2 for a policy/agent. | F4: InitializeQuoteRequest | G4: POST | H4: /api/v1/mca/initialize-quote | I4: InitializeQuoteRequest | J4: Quote | K4: Db2Api:Endpoints:MCAPolicy:InitializeQuote | L4: Matches DB2
A5: 4 | B5: MCAPolicy | C5: POST | D5: /api/v1/MCAPolicy/ChangeTransaction | E5: Applies a WINS transaction change to a policy in DB2. | F5: ChangeTransactionRequest | G5: POST | H5: /api/v1/mca/policy/change-transaction | I5: ChangeTransactionRequest | J5: Policy | K5: Db2Api:Endpoints:MCAPolicy:ChangeTransaction | L5: Matches DB2
A6: 5 | B6: MCAPolicy | C6: POST | D6: /api/v1/MCAPolicy/ChangePolicy | E6: Retrieves a policy's current data from DB2 for a change transaction. | F6: ChangePolicyRequest | G6: GET | H6: /api/v1/mca/qa/policy/change-policy/{policyId} | I6: (path parameter) | J6: PolicyQA | K6: Db2Api:Endpoints:MCAPolicy:ChangePolicy | L6: Matches DB2
A7: 6 | B7: MCAPolicy | C7: POST | D7: /api/v1/MCAPolicy/RatePolicy | E7: Rates a policy in DB2. | F7: RatePolicyRequest | G7: POST | H7: /api/v1/mca/policy/RateMCAData | I7: RateMCADataRequest | J7: Rater | K7: Db2Api:Endpoints:MCAPolicy:RatePolicy | L7: Matches DB2
A8: 7 | B8: MCAPolicy | C8: PUT | D8: /api/v1/MCAPolicy/UpdateUnderwriterQuestions | E8: Updates underwriter questions on a policy in DB2. | F8: UpdateUnderwriterQuestionsRequest | G8: PUT | H8: /api/v1/mca/policy/underwriter-questions | I8: UWQuestionsRequest | J8: Policy | K8: Db2Api:Endpoints:MCAPolicy:UpdateUnderwriterQuestions | L8: Matches DB2
A9: 8 | B9: MCAPolicy | C9: PATCH | D9: /api/v1/MCAPolicy/UpdateUnderwriterQuestionsInsuredDetails | E9: Updates the insured details section of the underwriter questions on a policy in DB2. | F9: UpdateUnderwriterQuestionsInsuredDetailsRequest | G9: PATCH | H9: /api/v1/mca/policy/underwriter-questions/insured-details | I9: UWQuestionsInsuredDetailsRequest | J9: Policy | K9: Db2Api:Endpoints:MCAPolicy:UpdateUnderwriterQuestionsInsuredDetails | L9: Matches DB2
A10: 9 | B10: MCAPolicy | C10: POST | D10: /api/v1/MCAPolicy/GetPolicyHistory | E10: Retrieves a paginated transaction history for a policy from DB2. | F10: GetPolicyHistoryQuery | G10: POST | H10: /api/v1/mca/policy/history | I10: GetPolicyHistoryRequest | J10: Policy | K10: Db2Api:Endpoints:MCAPolicy:GetPolicyHistory | L10: Matches DB2
A11: 10 | B11: MCAPolicy | C11: POST | D11: /api/v1/MCAPolicy/GetMasterPolicyData | E11: Retrieves master policy data (used to prefill an endorsement/issue transaction) from DB2. | F11: GetMasterPolicyDataQuery | G11: POST | H11: /api/v1/mca/policy/master-data | I11: GetMasterPolicyDataRequest | J11: Policy | K11: Db2Api:Endpoints:MCAPolicy:GetMasterPolicyData | L11: Matches DB2
A12: 11 | B12: MCAPolicy | C12: POST | D12: /api/v1/MCAPolicy/PatchPolicy | E12: Partially updates policy/insured info in DB2. | F12: PatchPolicyRequest | G12: PATCH | H12: /api/v1/mca/policy/policy-update | I12: PatchPolicy | J12: Policy | K12: Db2Api:Endpoints:MCAPolicy:PatchPolicy | L12: Matches DB2
A13: 12 | B13: Vehicle | C13: POST | D13: /api/v1/Vehicle/AddVehicle | E13: Proxies the DB2 (QOL Insurance) Vehicle APIs. </summary> [AllowAnonymous] [ApiController] [ApiVersion("1.0")] [Route("api/v{version:apiVersion}/[controller]")] public class VehicleController : Db2ProxyControllerBase { <summary>Adds a vehicle (by VIN and/or registration) to a policy in DB2. | F13: AddVehicleRequest | G13: POST | H13: /api/v1/mca/vehicles | I13: AddVehicleRequest | J13: Vehicle | K13: Db2Api:Endpoints:Vehicle:AddVehicle | L13: Matches DB2
... A56: 55 | B56: TaskManager | C56: POST | D56: /api/v1/TaskManager/ReopenTask | E56: Reopens a previously closed task in DB2. | F56: ReopenTaskRequest | G56: POST | H56: /api/v1/mca/tasks/reopen | I56: ReopenTaskRequest | J56: TaskManager | K56: Db2Api:Endpoints:TaskManager:ReopenTask | L56: Matches DB2

Sheet Request Fields
A1: Module | B1: Our Endpoint | C1: DB2 Method | D1: DB2 Endpoint | E1: Field (JSON) | F1: Type | G1: Nullable
A2: MCAPolicy | B2: /api/v1/MCAPolicy/GetQuoteNumber | C2: POST | D2: /api/v1/mca/quote-number | E2: winsProductCode | F2: string | G2: Yes
A3: MCAPolicy | B3: /api/v1/MCAPolicy/GetQuoteNumber | C3: POST | D3: /api/v1/mca/quote-number | E3: subSystem | F3: string | G3: Yes
A4: MCAPolicy | B4: /api/v1/MCAPolicy/GetQuoteNumber | C4: POST | D4: /api/v1/mca/quote-number | E4: winsTransactionCode | F4: string | G4: Yes
A5: MCAPolicy | B5: /api/v1/MCAPolicy/GetQuotes | C5: POST | D5: /api/v1/mca/quotes | E5: policyNumber | F5: string | G5: Yes
A6: MCAPolicy | B6: /api/v1/MCAPolicy/GetQuotes | C6: POST | D6: /api/v1/mca/quotes | E6: insuredName | F6: string | G6: Yes
A7: MCAPolicy | B7: /api/v1/MCAPolicy/GetQuotes | C7: POST | D7: /api/v1/mca/quotes | E7: agentCode | F7: string | G7: Yes
A8: MCAPolicy | B8: /api/v1/MCAPolicy/GetQuotes | C8: POST | D8: /api/v1/mca/quotes | E8: effectiveDate | F8: string | G8: Yes
A9: MCAPolicy | B9: /api/v1/MCAPolicy/GetQuotes | C9: POST | D9: /api/v1/mca/quotes | E9: endorsementDate | F9: string | G9: Yes
A10: MCAPolicy | B10: /api/v1/MCAPolicy/GetQuotes | C10: POST | D10: /api/v1/mca/quotes | E10: winsTransactionCode | F10: string | G10: Yes
A11: MCAPolicy | B11: /api/v1/MCAPolicy/GetQuotes | C11: POST | D11: /api/v1/mca/quotes | E11: status | F11: string | G11: Yes
A12: MCAPolicy | B12: /api/v1/MCAPolicy/GetQuotes | C12: POST | D12: /api/v1/mca/quotes | E12: idChangeExtended | F12: string | G12: Yes
... A322: TaskManager | B322: /api/v1/TaskManager/ReopenTask | C322: POST | D322: /api/v1/mca/tasks/reopen | E322: userIdAdd | F322: string | G322: Yes

Sheet DB2 Not Used
A1: DB2 Method | B1: DB2 Endpoint | C1: DB2 Request Schema | D1: DB2 Swagger Tag | E1: Summary
A2: GET | B2: /api/v1/mca/logs | C2: (none) | D2: Logger
A3: GET | B3: /api/v1/mca/logs/download | C3: (none) | D3: Logger
A4: GET | B4: /api/v1/mca/logs/test-exception | C4: (none) | D4: Logger
A5: GET | B5: /api/v1/mca/qa/policy/quote-number | C5: GetQuoteNumberRequest | D5: PolicyQA
A6: POST | B6: /api/v1/mca/qa/policy/quotes | C6: GetQuotesRequest | D6: PolicyQA
A7: POST | B7: /api/v1/mca/qa/policy/get | C7: DeletePolicyRequest | D7: PolicyQA
A8: POST | B8: /api/v1/mca/qa/policy/insert | C8: PolicyQAResponseData | D8: PolicyQA
A9: DELETE | B9: /api/v1/mca/qa/policy | C9: DeletePolicyRequest | D9: PolicyQA
